{"providers":[{"type":"bitmap","file":"minecraft:font/icons.png","height":64,"ascent":35,"chars":["","","","","","","","","","","","","","","",""]},{"type":"bitmap","file":"minecraft:gui/minewars/game/bedwars/shop.png","height":256,"ascent":31,"chars":["󼱠"]},{"type":"bitmap","file":"minecraft:gui/minewars/game/bedwars/upgrades.png","height":256,"ascent":31,"chars":["󼱧"]},{"type":"bitmap","file":"minecraft:gui/minewars/game/skywars/kits_overlay.png","height":256,"ascent":31,"chars":["󼰨"]},{"type":"bitmap","file":"minecraft:gui/minewars/container/generic_container_title.png","height":256,"ascent":31,"chars":["󼰠"]},{"type":"bitmap","file":"minecraft:gui/minewars/container/generic_container_paginated.png","height":256,"ascent":31,"chars":["󼰡"]},{"type":"bitmap","file":"minecraft:gui/minewars/misc/negative_space.png","height":-50,"ascent":-9999,"chars":["󼰁"]},{"type":"bitmap","file":"minecraft:gui/minewars/misc/negative_space.png","height":-3,"ascent":-9999,"chars":["󼰀"]},{"type":"bitmap","file":"minecraft:gui/minewars/misc/negative_space.png","height":-50,"ascent":-9999,"chars":["󼰁"]},{"type":"bitmap","file":"minecraft:gui/minewars/misc/negative_space.png","height":-259,"ascent":-9999,"chars":["󼰂"]},{"type":"bitmap","file":"minecraft:gui/minewars/misc/negative_space.png","height":-211,"ascent":-9999,"chars":["󼰃"]}]}